"Screen_Tech","Star Rating Index","screensize (inch)"
"LCD",1.440505537,85.61968503937007
"LCD",1.780659866,74.46141732283465
"LCD",2.081816353,64.42677165354331
"LCD",2.260052118,64.5488188976378
"LCD",3.000730687,64.42677165354331
"LCD",3.031171045,54.64488188976378
"LCD",3.033614052,74.52992125984252
"LCD",3.040157614,74.54330708661418
"LCD",3.12174887,74.4763779527559
"LCD",3.188182682,84.56023622047243
"LCD",3.338778873,49.49803149606299
"LCD",3.404361802,49.49803149606299
"LCD",3.446509123,21.414173228346456
"LCD",3.50085283,64.5259842519685
"LCD",3.536463659,23.807086614173226
"LCD",3.564343081,64.51889763779526
"LCD",3.572954535,54.73307086614173
"LCD",3.581282536,64.55314960629921
"LCD",3.58692182,74.54330708661418
"LCD",3.591249163,64.5259842519685
"LCD",3.627166105,54.64488188976378
"LCD",3.629806551,74.54330708661418
"LCD",3.709868199,74.18267716535433
"LCD",3.716007447,54.63897637795275
"LCD",3.730630573,39.5007874015748
"LCD",3.742547514,74.52992125984252
"LCD",3.743698138,49.31141732283465
"LCD",3.749461878,74.53582677165355
"LCD",3.755691879,49.463779527559055
"LCD",3.759398017,49.49803149606299
"LCD",3.795184856,49.6503937007874
"LCD",3.851047672,23.816141732283466
"LCD",3.858208976,69.50314960629922
"LCD",3.919909945,18.60511811023622
"LCD",3.955295134,41.50196850393701
"LCD",3.976064761,21.506299212598424
"LCD",3.981090395,54.73307086614173
"LCD",3.98231926,84.56023622047243
"LCD",4.000637701,54.63897637795275
"LCD",4.005266563,49.35629921259842
"LCD",4.005345197,64.61771653543306
"LCD",4.011145139,54.63897637795275
"LCD",4.014220466,64.4996062992126
"LCD",4.015959058,74.52992125984252
"LCD",4.019291094,49.44448818897638
"LCD",4.025599758,57.42716535433071
"LCD",4.045303226,42.485039370078745
"LCD",4.045422807,74.52992125984252
"LCD",4.050316323,23.807086614173226
"LCD",4.053423001,54.63897637795275
"LCD",4.056094456,74.51732283464567
"LCD",4.076463413,64.4996062992126
"LCD",4.119810394,31.517322834645668
"LCD",4.123905177,54.61062992125985
"LCD",4.137683429,39.50196850393701
"LCD",4.223907359,64.5259842519685
"LCD",4.247706889,54.64488188976378
"LCD",4.292298502,54.64488188976378
"LCD",4.298248697,69.50314960629922
"LCD",4.305760304,49.5003937007874
"LCD",4.323802248,64.56811023622046
"LCD",4.333587411,18.509055118110236
"LCD",4.339714644,64.51889763779526
"LCD",4.383305897,57.50708661417323
"LCD",4.428154028,69.50314960629922
"LCD",4.452167843,74.51417322834645
"LCD",4.463583814,54.64488188976378
"LCD",4.506395614,41.494488188976376
"LCD",4.506588375,54.572047244094485
"LCD",4.522165303,54.64488188976378
"LCD",4.546877182,54.63897637795275
"LCD",4.549345524,64.2251968503937
"LCD",4.553267261,42.5
"LCD",4.554792153,49.5003937007874
"LCD",4.561680559,31.511417322834646
"LCD",4.563780004,23.55275590551181
"LCD",4.570491732,54.492913385826775
"LCD",4.577521377,49.463779527559055
"LCD",4.578557884,69.5035433070866
"LCD",4.618566593,74.52992125984252
"LCD",4.630331973,23.781889763779528
"LCD",4.63081283,23.807086614173226
"LCD",4.636007606,42.44645669291338
"LCD",4.638914904,64.5259842519685
"LCD",4.670531682,42.514566929133856
"LCD",4.705258231,84.56023622047243
"LCD",4.709136101,23.55275590551181
"LCD",4.716505624,23.440944881889763
"LCD",4.778103074,64.55314960629921
"LCD",4.78942943,54.64488188976378
"LCD",4.792068114,84.56023622047243
"LCD",4.798447235,23.708661417322833
"LCD",4.81660531,74.51732283464567
"LCD",4.819594334,69.5035433070866
"LCD",4.840846164,54.63897637795275
"LCD",4.853523457,54.63897637795275
"LCD",4.887294326,54.61062992125985
"LCD",4.897938043,64.50393700787401
"LCD",4.903531155,54.64488188976378
"LCD",4.908338226,69.5035433070866
"LCD",4.939941086,42.51496062992126
"LCD",4.971818859,31.32992125984252
"LCD",4.977614981,23.807086614173226
"LCD",4.989492688,64.5259842519685
"LCD",5.00434214,41.50472440944882
"LCD",5.00569132,69.50314960629922
"LCD",5.010874187,31.48307086614173
"LCD",5.016571588,39.49015748031496
"LCD",5.016705354,31.511417322834646
"LCD",5.016718726,31.511417322834646
"LCD",5.017184873,31.512992125984255
"LCD",5.020064671,39.417716535433065
"LCD",5.020720524,74.54330708661418
"LCD",5.021677271,54.63897637795275
"LCD",5.025863763,31.39527559055118
"LCD",5.028042776,64.5259842519685
"LCD",5.029978519,64.2744094488189
"LCD",5.030432129,60.10354330708662
"LCD",5.030987669,31.42952755905512
"LCD",5.03487734,54.63897637795275
"LCD",5.035437845,74.54330708661418
"LCD",5.051048463,31.511417322834646
"LCD",5.053020883,64.4996062992126
"LCD",5.053288981,49.37165354330708
"LCD",5.055950764,69.50314960629922
"LCD",5.06181817,54.443700787401575
"LCD",5.063138327,23.53307086614173
"LCD",5.065515603,18.509055118110236
"LCD",5.072829956,69.50314960629922
"LCD",5.075471345,23.74763779527559
"LCD",5.08202138,23.806299212598425
"LCD",5.086738931,31.518503937007875
"LCD",5.08761901,45.98779527559055
"LCD",5.08985389,64.51456692913385
"LCD",5.094795271,74.54330708661418
"LCD",5.099926866,65.10472440944882
"LCD",5.109199296,42.5
"LCD",5.11807305,39.681496062992125
"LCD",5.120529237,31.511417322834646
"LCD",5.121511445,23.55275590551181
"LCD",5.151965447,74.51732283464567
"LCD",5.155460941,54.63897637795275
"LCD",5.155671251,64.5259842519685
"LCD",5.171129579,23.53307086614173
"LCD",5.182435339,69.51338582677165
"LCD",5.214004184,39.5011811023622
"LCD",5.22302967,84.56023622047243
"LCD",5.251544073,54.63897637795275
"LCD",5.255491804,42.46574803149606
"LCD",5.263525424,42.514566929133856
"LCD",5.27937907,54.63897637795275
"LCD",5.292813831,23.796850393700787
"LCD",5.295678365,49.5003937007874
"LCD",5.337279014,39.502362204724406
"LCD",5.364749558,39.5007874015748
"LCD",5.374183395,42.514566929133856
"LCD",5.388483737,57.50708661417323
"LCD",5.388613081,42.46574803149606
"LCD",5.395247284,23.53307086614173
"LCD",5.447255106,31.511417322834646
"LCD",5.461003955,23.989763779527557
"LCD",5.468284089,42.519291338582676
"LCD",5.479867365,42.572834645669296
"LCD",5.483988772,31.644094488188976
"LCD",5.489942004,49.249212598425196
"LCD",5.504033537,54.61062992125985
"LCD",5.507742024,64.5259842519685
"LCD",5.522126954,23.55236220472441
"LCD",5.53220523,31.5507874015748
"LCD",5.552808911,54.63897637795275
"LCD",5.567672673,54.63897637795275
"LCD",5.572538475,39.50275590551181
"LCD",5.573990746,18.60511811023622
"LCD",5.580525627,42.514566929133856
"LCD",5.582585898,54.63897637795275
"LCD",5.58379219,64.5259842519685
"LCD",5.590070247,57.514960629921255
"LCD",5.597196158,41.4755905511811
"LCD",5.60575998,64.5259842519685
"LCD",5.633848114,74.54330708661418
"LCD",5.63476125,64.4996062992126
"LCD",5.652614374,81.58149606299213
"LCD",5.659177176,69.50314960629922
"LCD",5.660674595,49.49803149606299
"LCD",5.667604565,41.598031496062994
"LCD",5.673122717,54.63897637795275
"LCD",5.683506517,64.5259842519685
"LCD",5.728546294,64.5259842519685
"LCD",5.796966251,64.5259842519685
"LCD",5.823110871,74.54330708661418
"LCD",5.885695095,64.4996062992126
"LCD",5.890292548,31.536614173228344
"LCD",5.908618544,39.5007874015748
"LCD",5.908876685,39.4748031496063
"LCD",5.939024818,42.46574803149606
"LCD",5.940046232,54.63897637795275
"LCD",5.952001359,54.85511811023622
"LCD",5.95689454,74.54330708661418
"LCD",6.002391582,74.54330708661418
"LCD",6.004257528,97.51771653543307
"LCD",6.007730994,31.511023622047244
"LCD",6.00872628,64.5259842519685
"LCD",6.01010315,23.53307086614173
"LCD",6.012924571,64.44173228346456
"LCD",6.014805925,23.55275590551181
"LCD",6.021677271,54.63897637795275
"LCD",6.022503316,39.49015748031496
"LCD",6.025786529,39.5007874015748
"LCD",6.03164379,69.50590551181102
"LCD",6.033938116,54.48858267716536
"LCD",6.033987822,64.51889763779526
"LCD",6.036977361,49.463779527559055
"LCD",6.047894906,39.45551181102362
"LCD",6.048037379,42.50236220472441
"LCD",6.048355268,74.54330708661418
"LCD",6.049614689,42.51102362204724
"LCD",6.053647575,39.502362204724406
"LCD",6.056850654,49.463779527559055
"LCD",6.062451515,49.4988188976378
"LCD",6.068349671,85.60039370078741
"LCD",6.08225647,39.49015748031496
"LCD",6.085122728,60.10944881889763
"LCD",6.090373501,74.49566929133857
"LCD",6.106931922,84.56023622047243
"LCD",6.11091976,39.609055118110234
"LCD",6.11492625,69.50078740157481
"LCD",6.138517933,54.63897637795275
"LCD",6.138546026,31.512992125984255
"LCD",6.142473468,60.10354330708662
"LCD",6.14388682,23.53307086614173
"LCD",6.148719853,43.096456692913385
"LCD",6.152760171,64.2251968503937
"LCD",6.156774136,64.51889763779526
"LCD",6.161267101,49.49803149606299
"LCD",6.179725794,31.888582677165353
"LCD",6.181006668,84.56023622047243
"LCD",6.183721091,31.519685039370078
"LCD",6.193172894,64.5259842519685
"LCD",6.194424149,69.51574803149606
"LCD",6.217551958,41.494488188976376
"LCD",6.233877748,42.5011811023622
"LCD",6.259273257,69.51299212598424
"LCD",6.27113389,31.517322834645668
"LCD",6.279721074,64.2251968503937
"LCD",6.279792652,69.5035433070866
"LCD",6.281916786,64.5259842519685
"LCD",6.285522783,74.54330708661418
"LCD",6.292298502,54.64488188976378
"LCD",6.293361671,54.63897637795275
"LCD",6.309656677,24.499212598425196
"LCD",6.310901498,54.63897637795275
"LCD",6.316416078,54.492913385826775
"LCD",6.330835825,31.57086614173228
"LCD",6.367605973,69.50196850393701
"LCD",6.373515247,69.5244094488189
"LCD",6.384019498,74.54330708661418
"LCD",6.390289907,60.10354330708662
"LCD",6.404224338,41.50472440944882
"LCD",6.411822117,64.5259842519685
"LCD",6.414531262,60.01732283464566
"LCD",6.414919023,57.49566929133858
"LCD",6.49018221,54.63897637795275
"LCD",6.521251372,31.32992125984252
"LCD",6.523778741,49.5003937007874
"LCD",6.642364202,69.5244094488189
"LCD",6.659234751,39.49015748031496
"LCD",6.681981903,64.50905511811024
"LCD",6.698258847,31.517322834645668
"LCD",6.708438263,49.51732283464567
"LCD",6.749526907,31.512992125984255
"LCD",6.944905545,39.5007874015748
"LCD",7.083140075,74.54330708661418
"LCD",7.13150974,23.518110236220473
"LCD",7.535523401,27.024409448818897
"LCD",8.250935841,39.50905511811023
"LCD (LED)",1.009682692,64.52637795275591
"LCD (LED)",1.037273982,64.4996062992126
"LCD (LED)",1.069303351,64.52637795275591
"LCD (LED)",1.092845485,54.63897637795275
"LCD (LED)",1.144800389,74.52992125984252
"LCD (LED)",1.155999311,74.54251968503937
"LCD (LED)",1.199221871,64.4996062992126
"LCD (LED)",1.436018041,64.52637795275591
"LCD (LED)",1.446525191,54.63897637795275
"LCD (LED)",1.46651883,64.52637795275591
"LCD (LED)",1.609064679,64.4996062992126
"LCD (LED)",1.617574649,54.61062992125985
"LCD (LED)",1.66119867,84.56023622047243
"LCD (LED)",1.746134707,64.52637795275591
"LCD (LED)",1.760361366,84.56023622047243
"LCD (LED)",1.764787888,64.52637795275591
"LCD (LED)",1.77151612,84.56023622047243
"LCD (LED)",1.797618951,64.52637795275591
"LCD (LED)",1.816488116,64.52637795275591
"LCD (LED)",1.825309859,74.52992125984252
"LCD (LED)",1.827214439,74.54251968503937
"LCD (LED)",1.841647366,74.54251968503937
"LCD (LED)",1.8796747,74.52992125984252
"LCD (LED)",2.009682692,64.52637795275591
"LCD (LED)",2.015365523,84.56023622047243
"LCD (LED)",2.026013193,74.54330708661418
"LCD (LED)",2.039439869,64.5259842519685
"LCD (LED)",2.064304555,64.52637795275591
"LCD (LED)",2.071514168,74.54251968503937
"LCD (LED)",2.110707984,54.63897637795275
"LCD (LED)",2.163316988,114.45629921259842
"LCD (LED)",2.222226525,54.63897637795275
"LCD (LED)",2.23283558,84.56023622047243
"LCD (LED)",2.256038692,74.52992125984252
"LCD (LED)",2.289702194,74.54330708661418
"LCD (LED)",2.301637,42.514566929133856
"LCD (LED)",2.31088388,84.56023622047243
"LCD (LED)",2.358363264,54.63897637795275
"LCD (LED)",2.386431286,64.51889763779526
"LCD (LED)",2.421698302,49.4988188976378
"LCD (LED)",2.497368725,84.56023622047243
"LCD (LED)",2.506278345,54.63897637795275
"LCD (LED)",2.506347016,64.4996062992126
"LCD (LED)",2.506635204,74.54251968503937
"LCD (LED)",2.51050067,64.5259842519685
"LCD (LED)",2.521341956,54.63897637795275
"LCD (LED)",2.521552266,64.5259842519685
"LCD (LED)",2.522934648,64.4996062992126
"LCD (LED)",2.539583906,64.4996062992126
"LCD (LED)",2.544443586,74.54330708661418
"LCD (LED)",2.546887683,84.56023622047243
"LCD (LED)",2.54925509,64.52637795275591
"LCD (LED)",2.550558768,54.64488188976378
"LCD (LED)",2.566973557,97.48188976377953
"LCD (LED)",2.569989334,54.61062992125985
"LCD (LED)",2.599824991,74.54251968503937
"LCD (LED)",2.616978773,74.54251968503937
"LCD (LED)",2.61771067,64.51889763779526
"LCD (LED)",2.628229274,54.63897637795275
"LCD (LED)",2.657794628,84.56023622047243
"LCD (LED)",2.684894805,64.52637795275591
"LCD (LED)",2.68668881,42.5
"LCD (LED)",2.690493497,42.514566929133856
"LCD (LED)",2.713677306,64.52637795275591
"LCD (LED)",2.716017948,84.56023622047243
"LCD (LED)",2.759155637,74.52992125984252
"LCD (LED)",2.759398017,49.49803149606299
"LCD (LED)",2.805651831,74.54251968503937
"LCD (LED)",2.824204819,42.5
"LCD (LED)",2.836624041,64.52637795275591
"LCD (LED)",2.841647366,74.54251968503937
"LCD (LED)",2.857032907,54.64488188976378
"LCD (LED)",2.857885169,49.5003937007874
"LCD (LED)",2.860429781,64.52637795275591
"LCD (LED)",2.872126561,69.51574803149606
"LCD (LED)",2.873382391,74.54251968503937
"LCD (LED)",2.889684564,54.64488188976378
"LCD (LED)",2.891490947,85.60039370078741
"LCD (LED)",2.898288906,64.4996062992126
"LCD (LED)",2.902396564,64.52637795275591
"LCD (LED)",2.90534375,74.54251968503937
"LCD (LED)",2.919161423,54.61062992125985
"LCD (LED)",2.926601218,64.5259842519685
"LCD (LED)",2.938633259,84.56023622047243
"LCD (LED)",2.953147993,84.56023622047243
"LCD (LED)",3.005399351,74.52992125984252
"LCD (LED)",3.005558703,42.5
"LCD (LED)",3.008043456,64.4996062992126
"LCD (LED)",3.008929259,74.51732283464567
"LCD (LED)",3.00936339,42.514566929133856
"LCD (LED)",3.010877407,54.61062992125985
"LCD (LED)",3.015355022,54.63897637795275
"LCD (LED)",3.018328124,64.52637795275591
"LCD (LED)",3.018797767,42.5
"LCD (LED)",3.019679828,97.52047244094489
"LCD (LED)",3.032234214,54.63897637795275
"LCD (LED)",3.035437845,74.54330708661418
"LCD (LED)",3.0369564,64.5259842519685
"LCD (LED)",3.044945961,84.56023622047243
"LCD (LED)",3.070200071,64.4996062992126
"LCD (LED)",3.072148637,42.5
"LCD (LED)",3.108987338,54.63897637795275
"LCD (LED)",3.110940949,26.99527559055118
"LCD (LED)",3.153125671,74.52992125984252
"LCD (LED)",3.167068799,42.5
"LCD (LED)",3.168543337,54.64488188976378
"LCD (LED)",3.169606506,54.63897637795275
"LCD (LED)",3.170463908,54.587007874015754
"LCD (LED)",3.178333714,54.63897637795275
"LCD (LED)",3.180715174,85.60039370078741
"LCD (LED)",3.188182682,84.56023622047243
"LCD (LED)",3.194834431,64.52637795275591
"LCD (LED)",3.201314628,64.5259842519685
"LCD (LED)",3.242460913,64.4996062992126
"LCD (LED)",3.244278479,49.5003937007874
"LCD (LED)",3.25280175,49.49803149606299
"LCD (LED)",3.254797646,74.51771653543307
"LCD (LED)",3.256589786,54.64488188976378
"LCD (LED)",3.26207588,54.61062992125985
"LCD (LED)",3.292779584,74.54251968503937
"LCD (LED)",3.302333486,54.63897637795275
"LCD (LED)",3.305888151,74.52992125984252
"LCD (LED)",3.318738466,64.5259842519685
"LCD (LED)",3.319238269,49.5003937007874
"LCD (LED)",3.320996249,85.6011811023622
"LCD (LED)",3.34617085,74.52992125984252
"LCD (LED)",3.35153765,49.4988188976378
"LCD (LED)",3.38681893,74.52992125984252
"LCD (LED)",3.387596177,84.5027559055118
"LCD (LED)",3.410356923,54.64488188976378
"LCD (LED)",3.412005761,84.56023622047243
"LCD (LED)",3.425384562,54.61062992125985
"LCD (LED)",3.428140504,84.56023622047243
"LCD (LED)",3.43364006,64.51889763779526
"LCD (LED)",3.440057636,74.54251968503937
"LCD (LED)",3.468328056,42.514566929133856
"LCD (LED)",3.482108338,49.49803149606299
"LCD (LED)",3.484217149,49.5003937007874
"LCD (LED)",3.5008157,99.65984251968504
"LCD (LED)",3.501849741,85.63700787401575
"LCD (LED)",3.503335779,54.64488188976378
"LCD (LED)",3.505583928,84.7751968503937
"LCD (LED)",3.505583979,84.56023622047243
"LCD (LED)",3.506680455,49.5003937007874
"LCD (LED)",3.509326206,54.61062992125985
"LCD (LED)",3.513803821,54.63897637795275
"LCD (LED)",3.513814322,84.56023622047243
"LCD (LED)",3.514641825,64.5259842519685
"LCD (LED)",3.515845663,49.49803149606299
"LCD (LED)",3.515873628,97.51771653543307
"LCD (LED)",3.519965293,54.61456692913386
"LCD (LED)",3.525501428,49.474409448818896
"LCD (LED)",3.527294961,42.514566929133856
"LCD (LED)",3.536097167,74.51771653543307
"LCD (LED)",3.540587957,49.5003937007874
"LCD (LED)",3.542347757,64.5259842519685
"LCD (LED)",3.550101645,97.51496062992125
"LCD (LED)",3.551039068,84.56023622047243
"LCD (LED)",3.560063374,54.64488188976378
"LCD (LED)",3.563516348,84.56023622047243
"LCD (LED)",3.57065135,54.63897637795275
"LCD (LED)",3.573069144,64.4996062992126
"LCD (LED)",3.584230493,64.5259842519685
"LCD (LED)",3.589761913,54.63897637795275
"LCD (LED)",3.591249163,64.5259842519685
"LCD (LED)",3.591861934,49.463779527559055
"LCD (LED)",3.592691414,31.511417322834646
"LCD (LED)",3.598284673,54.64488188976378
"LCD (LED)",3.60789115,54.64488188976378
"LCD (LED)",3.615280634,64.4996062992126
"LCD (LED)",3.620537173,64.51889763779526
"LCD (LED)",3.6438775,49.5003937007874
"LCD (LED)",3.648900686,64.51889763779526
"LCD (LED)",3.659072987,42.5
"LCD (LED)",3.660417785,74.52992125984252
"LCD (LED)",3.673105632,74.54330708661418
"LCD (LED)",3.676782513,54.63897637795275
"LCD (LED)",3.684744432,49.463779527559055
"LCD (LED)",3.685955602,84.56023622047243
"LCD (LED)",3.693572453,42.514566929133856
"LCD (LED)",3.70230623,49.5003937007874
"LCD (LED)",3.705378975,49.47874015748032
"LCD (LED)",3.71408395,49.5003937007874
"LCD (LED)",3.724804393,54.64488188976378
"LCD (LED)",3.733461271,39.96456692913386
"LCD (LED)",3.736207768,42.5
"LCD (LED)",3.741947163,84.56023622047243
"LCD (LED)",3.748076719,74.52992125984252
"LCD (LED)",3.75560002,42.514566929133856
"LCD (LED)",3.762321959,49.50433070866141
"LCD (LED)",3.764463236,54.64488188976378
"LCD (LED)",3.767437303,42.5
"LCD (LED)",3.772085806,74.54330708661418
"LCD (LED)",3.773441376,49.5003937007874
"LCD (LED)",3.783409187,97.48188976377953
"LCD (LED)",3.802690682,42.514566929133856
"LCD (LED)",3.831486759,49.49803149606299
"LCD (LED)",3.833595569,49.5003937007874
"LCD (LED)",3.856063224,54.63897637795275
"LCD (LED)",3.858069176,23.548818897637794
"LCD (LED)",3.858938212,64.52637795275591
"LCD (LED)",3.865173545,54.64488188976378
"LCD (LED)",3.865794335,74.52992125984252
"LCD (LED)",3.882828552,84.56023622047243
"LCD (LED)",3.887411391,74.51732283464567
"LCD (LED)",3.89056594,69.50314960629922
"LCD (LED)",3.89618865,74.54251968503937
"LCD (LED)",3.896896492,54.63897637795275
"LCD (LED)",3.92089516,97.51496062992125
"LCD (LED)",3.926398194,23.807086614173226
"LCD (LED)",3.930739968,42.514566929133856
"LCD (LED)",3.93392569,97.51614173228346
"LCD (LED)",3.936381028,74.54251968503937
"LCD (LED)",3.942869668,64.51889763779526
"LCD (LED)",3.965231394,74.54330708661418
"LCD (LED)",3.967965127,54.59291338582677
"LCD (LED)",3.979717724,42.514566929133856
"LCD (LED)",3.98231926,84.56023622047243
"LCD (LED)",4.000637701,54.63897637795275
"LCD (LED)",4.004949068,74.53543307086613
"LCD (LED)",4.005242175,84.56023622047243
"LCD (LED)",4.008929259,74.51732283464567
"LCD (LED)",4.009840862,84.56023622047243
"LCD (LED)",4.010608191,64.52637795275591
"LCD (LED)",4.011014699,97.51771653543307
"LCD (LED)",4.011145139,54.63897637795275
"LCD (LED)",4.0165182,64.48464566929134
"LCD (LED)",4.017199657,54.61062992125985
"LCD (LED)",4.018328124,64.52637795275591
"LCD (LED)",4.01837412,64.5259842519685
"LCD (LED)",4.019676217,74.3992125984252
"LCD (LED)",4.021677271,54.63897637795275
"LCD (LED)",4.021953721,64.4996062992126
"LCD (LED)",4.023797902,60.10354330708662
"LCD (LED)",4.024438874,23.83543307086614
"LCD (LED)",4.025599758,57.42716535433071
"LCD (LED)",4.025976491,23.551968503937008
"LCD (LED)",4.026107375,64.5259842519685
"LCD (LED)",4.027756599,54.61062992125985
"LCD (LED)",4.028282946,84.56023622047243
"LCD (LED)",4.029236683,42.514566929133856
"LCD (LED)",4.032113232,74.51417322834645
"LCD (LED)",4.032732298,76.84133858267717
"LCD (LED)",4.03290535,84.56023622047243
"LCD (LED)",4.035437845,74.54330708661418
"LCD (LED)",4.038563985,49.463779527559055
"LCD (LED)",4.04206066,42.5
"LCD (LED)",4.042270124,49.49803149606299
"LCD (LED)",4.042493036,69.50314960629922
"LCD (LED)",4.042599711,69.50275590551182
"LCD (LED)",4.042816085,54.63897637795275
"LCD (LED)",4.044164846,49.4988188976378
"LCD (LED)",4.044535376,49.50236220472441
"LCD (LED)",4.045233878,64.4996062992126
"LCD (LED)",4.045865348,42.514566929133856
"LCD (LED)",4.04593029,42.51417322834646
"LCD (LED)",4.046337416,31.54763779527559
"LCD (LED)",4.047440239,74.51496062992126
"LCD (LED)",4.048945386,54.61062992125985
"LCD (LED)",4.050316323,23.807086614173226
"LCD (LED)",4.050393945,60.10354330708662
"LCD (LED)",4.051057551,50.08858267716535
"LCD (LED)",4.051470647,85.59881889763778
"LCD (LED)",4.052634931,74.58346456692914
"LCD (LED)",4.053423001,54.63897637795275
"LCD (LED)",4.063138327,23.53307086614173
"LCD (LED)",4.06319449,74.52992125984252
"LCD (LED)",4.063289012,57.50354330708661
"LCD (LED)",4.064055082,54.63897637795275
"LCD (LED)",4.0649291,64.52637795275591
"LCD (LED)",4.066544909,23.548818897637794
"LCD (LED)",4.076463413,64.4996062992126
"LCD (LED)",4.076493871,21.53031496062992
"LCD (LED)",4.077891846,85.52755905511812
"LCD (LED)",4.080571071,64.52637795275591
"LCD (LED)",4.080617067,64.5259842519685
"LCD (LED)",4.085395218,54.63897637795275
"LCD (LED)",4.088824024,74.54330708661418
"LCD (LED)",4.091803172,74.51732283464567
"LCD (LED)",4.092320104,42.5
"LCD (LED)",4.095235714,49.4988188976378
"LCD (LED)",4.095449802,49.5003937007874
"LCD (LED)",4.104136875,64.52637795275591
"LCD (LED)",4.104182871,64.5259842519685
"LCD (LED)",4.106200169,49.49803149606299
"LCD (LED)",4.106842474,74.54251968503937
"LCD (LED)",4.112224591,84.56023622047243
"LCD (LED)",4.112366497,82.51377952755905
"LCD (LED)",4.116919247,76.84133858267717
"LCD (LED)",4.117597178,54.63897637795275
"LCD (LED)",4.118959927,31.499212598425196
"LCD (LED)",4.11909635,49.49803149606299
"LCD (LED)",4.119545499,69.5220472440945
"LCD (LED)",4.127319622,54.64488188976378
"LCD (LED)",4.128382791,54.63897637795275
"LCD (LED)",4.130871593,74.54251968503937
"LCD (LED)",4.131093756,84.56023622047243
"LCD (LED)",4.133924473,49.4988188976378
"LCD (LED)",4.134136225,21.992125984251967
"LCD (LED)",4.135751963,64.52637795275591
"LCD (LED)",4.138131256,54.64488188976378
"LCD (LED)",4.145297952,84.56023622047243
"LCD (LED)",4.148969037,54.64488188976378
"LCD (LED)",4.154456594,49.50236220472441
"LCD (LED)",4.156418645,54.61062992125985
"LCD (LED)",4.159610511,64.52637795275591
"LCD (LED)",4.16089626,54.63897637795275
"LCD (LED)",4.164026396,42.514566929133856
"LCD (LED)",4.164307186,84.56023622047243
"LCD (LED)",4.16660088,114.48188976377952
"LCD (LED)",4.16666147,85.6011811023622
"LCD (LED)",4.16907212,84.56023622047243
"LCD (LED)",4.169942591,54.62047244094488
"LCD (LED)",4.171330517,74.52992125984252
"LCD (LED)",4.171786715,54.63897637795275
"LCD (LED)",4.172950149,49.4988188976378
"LCD (LED)",4.173320678,49.50236220472441
"LCD (LED)",4.173950666,64.52007874015747
"LCD (LED)",4.175633067,64.5259842519685
"LCD (LED)",4.177359091,42.5
"LCD (LED)",4.186034596,49.4988188976378
"LCD (LED)",4.189669497,97.48188976377953
"LCD (LED)",4.191620791,64.52637795275591
"LCD (LED)",4.191691628,97.51614173228346
"LCD (LED)",4.197746433,23.55275590551181
"LCD (LED)",4.199659215,64.52637795275591
"LCD (LED)",4.200140164,54.61062992125985
"LCD (LED)",4.201837238,74.52992125984252
"LCD (LED)",4.204617779,54.63897637795275
"LCD (LED)",4.208093332,69.49015748031496
"LCD (LED)",4.208860965,64.51889763779526
"LCD (LED)",4.211831723,42.5
"LCD (LED)",4.212460575,18.509055118110236
"LCD (LED)",4.213086542,57.531496062992126
"LCD (LED)",4.215636411,42.514566929133856
"LCD (LED)",4.215701353,42.51417322834646
"LCD (LED)",4.215825445,64.5259842519685
"LCD (LED)",4.21692833,64.51889763779526
"LCD (LED)",4.223624007,49.49803149606299
"LCD (LED)",4.223907359,64.5259842519685
"LCD (LED)",4.22551873,49.4988188976378
"LCD (LED)",4.227886811,57.49566929133858
"LCD (LED)",4.229006903,41.54330708661417
"LCD (LED)",4.23297268,42.514566929133856
"LCD (LED)",4.233024635,42.514566929133856
"LCD (LED)",4.233106759,64.51889763779526
"LCD (LED)",4.23769114,54.63897637795275
"LCD (LED)",4.238721563,74.52992125984252
"LCD (LED)",4.240626143,74.54251968503937
"LCD (LED)",4.248194925,64.52637795275591
"LCD (LED)",4.248770058,54.63897637795275
"LCD (LED)",4.258270182,97.51496062992125
"LCD (LED)",4.276816562,49.49803149606299
"LCD (LED)",4.277735778,74.54330708661418
"LCD (LED)",4.281582861,42.5
"LCD (LED)",4.282140506,74.52992125984252
"LCD (LED)",4.282172102,54.63897637795275
"LCD (LED)",4.283964299,74.54330708661418
"LCD (LED)",4.284977377,84.56023622047243
"LCD (LED)",4.285387548,42.514566929133856
"LCD (LED)",4.292298502,54.64488188976378
"LCD (LED)",4.297937918,41.50433070866142
"LCD (LED)",4.297940618,41.50472440944882
"LCD (LED)",4.301340601,74.49409448818898
"LCD (LED)",4.304579249,54.63897637795275
"LCD (LED)",4.306641283,64.51889763779526
"LCD (LED)",4.30714152,74.52992125984252
"LCD (LED)",4.3090461,74.54251968503937
"LCD (LED)",4.313737887,64.52637795275591
"LCD (LED)",4.313783883,64.5259842519685
"LCD (LED)",4.324288332,84.56023622047243
"LCD (LED)",4.325413976,60.10354330708662
"LCD (LED)",4.326941943,49.463779527559055
"LCD (LED)",4.327098996,54.63897637795275
"LCD (LED)",4.330320508,64.5259842519685
"LCD (LED)",4.332542804,49.4988188976378
"LCD (LED)",4.334187373,74.54251968503937
"LCD (LED)",4.334385671,30.388188976377954
"LCD (LED)",4.337338279,54.64488188976378
"LCD (LED)",4.338565763,64.52637795275591
"LCD (LED)",4.338611759,64.5259842519685
"LCD (LED)",4.3391193,84.56023622047243
"LCD (LED)",4.344562313,31.48307086614173
"LCD (LED)",4.345254864,54.61062992125985
"LCD (LED)",4.346316419,49.5003937007874
"LCD (LED)",4.353523151,23.807086614173226
"LCD (LED)",4.356241516,42.514566929133856
"LCD (LED)",4.357808287,49.49803149606299
"LCD (LED)",4.361092232,54.63897637795275
"LCD (LED)",4.371885025,64.52637795275591
"LCD (LED)",4.373715619,49.50236220472441
"LCD (LED)",4.376622293,74.52992125984252
"LCD (LED)",4.376857615,39.49015748031496
"LCD (LED)",4.378910195,84.56023622047243
"LCD (LED)",4.379032284,31.507480314960628
"LCD (LED)",4.381402573,64.51889763779526
"LCD (LED)",4.381751426,74.51771653543307
"LCD (LED)",4.387242914,49.5003937007874
"LCD (LED)",4.394282122,54.64488188976378
"LCD (LED)",4.395401082,18.509055118110236
"LCD (LED)",4.395793552,85.6011811023622
"LCD (LED)",4.395864655,85.60039370078741
"LCD (LED)",4.398186938,64.51889763779526
"LCD (LED)",4.405453872,64.52637795275591
"LCD (LED)",4.409753464,31.511417322834646
"LCD (LED)",4.42330946,74.54251968503937
"LCD (LED)",4.423481945,64.51889763779526
"LCD (LED)",4.428233749,42.514566929133856
"LCD (LED)",4.439276071,64.52637795275591
"LCD (LED)",4.449101877,74.54251968503937
"LCD (LED)",4.453668663,74.52992125984252
"LCD (LED)",4.454483994,84.56023622047243
"LCD (LED)",4.46846329,74.54330708661418
"LCD (LED)",4.470234548,49.5003937007874
"LCD (LED)",4.474854121,84.56023622047243
"LCD (LED)",4.481915975,64.52637795275591
"LCD (LED)",4.482955455,42.51417322834646
"LCD (LED)",4.487987766,54.63897637795275
"LCD (LED)",4.488111325,99.52125984251968
"LCD (LED)",4.488668131,41.50472440944882
"LCD (LED)",4.49019271,84.56023622047243
"LCD (LED)",4.492694338,74.52992125984252
"LCD (LED)",4.49759673,42.5
"LCD (LED)",4.499086188,64.52637795275591
"LCD (LED)",4.50105558,74.54330708661418
"LCD (LED)",4.50358837,64.4996062992126
"LCD (LED)",4.503824455,24.38110236220472
"LCD (LED)",4.504588863,65.16259842519685
"LCD (LED)",4.504860045,85.6011811023622
"LCD (LED)",4.506973137,54.61062992125985
"LCD (LED)",4.507602579,74.54330708661418
"LCD (LED)",4.507742024,64.5259842519685
"LCD (LED)",4.510387583,54.64488188976378
"LCD (LED)",4.51117514,74.51732283464567
"LCD (LED)",4.511450752,54.63897637795275
"LCD (LED)",4.513125543,33.92755905511811
"LCD (LED)",4.513908185,49.53228346456693
"LCD (LED)",4.514000252,54.54645669291339
"LCD (LED)",4.514159157,74.54330708661418
"LCD (LED)",4.515611522,23.546850393700787
"LCD (LED)",4.515746697,69.51417322834645
"LCD (LED)",4.516360257,23.5496062992126
"LCD (LED)",4.517170337,56.49409448818898
"LCD (LED)",4.517515573,42.5015748031496
"LCD (LED)",4.517660503,74.51771653543307
"LCD (LED)",4.518750858,54.61062992125985
"LCD (LED)",4.519223973,47.5244094488189
"LCD (LED)",4.519881526,42.514566929133856
"LCD (LED)",4.520725342,74.54330708661418
"LCD (LED)",4.520806129,74.54251968503937
"LCD (LED)",4.521028291,84.56023622047243
"LCD (LED)",4.522165303,54.64488188976378
"LCD (LED)",4.523228472,54.63897637795275
"LCD (LED)",4.524965491,64.52637795275591
"LCD (LED)",4.525477368,74.52992125984252
"LCD (LED)",4.526188246,84.56023622047243
"LCD (LED)",4.52634645,99.52362204724409
"LCD (LED)",4.526400619,39.5007874015748
"LCD (LED)",4.52642864,49.5003937007874
"LCD (LED)",4.526947356,49.50511811023622
"LCD (LED)",4.529489082,114.48188976377952
"LCD (LED)",4.530161457,31.517322834645668
"LCD (LED)",4.533886644,74.54330708661418
"LCD (LED)",4.533974059,54.64488188976378
"LCD (LED)",4.534764934,15.546062992125984
"LCD (LED)",4.534774124,64.51889763779526
"LCD (LED)",4.535037228,54.63897637795275
"LCD (LED)",4.536463659,23.807086614173226
"LCD (LED)",4.540481818,74.54330708661418
"LCD (LED)",4.546877182,54.63897637795275
"LCD (LED)",4.549038776,31.80472440944882
"LCD (LED)",4.549090283,42.46574803149606
"LCD (LED)",4.550480364,39.511811023622045
"LCD (LED)",4.55099511,64.52637795275591
"LCD (LED)",4.552077516,84.56023622047243
"LCD (LED)",4.553267261,42.5
"LCD (LED)",4.555846835,31.48307086614173
"LCD (LED)",4.557071948,42.514566929133856
"LCD (LED)",4.55713689,42.51417322834646
"LCD (LED)",4.558689968,31.493700787401576
"LCD (LED)",4.559705356,64.52637795275591
"LCD (LED)",4.56011125,31.499212598425196
"LCD (LED)",4.56047622,85.60039370078741
"LCD (LED)",4.561680559,31.511417322834646
"LCD (LED)",4.561691374,31.511417322834646
"LCD (LED)",4.564121606,23.553937007874016
"LCD (LED)",4.566598077,23.727952755905513
"LCD (LED)",4.569588181,54.64488188976378
"LCD (LED)",4.57005491,31.536614173228344
"LCD (LED)",4.570732207,31.55393700787402
"LCD (LED)",4.570737327,31.54763779527559
"LCD (LED)",4.572897159,84.56023622047243
"LCD (LED)",4.578108283,54.61062992125985
"LCD (LED)",4.580787588,47.52795275590551
"LCD (LED)",4.581522729,54.64488188976378
"LCD (LED)",4.582585898,54.63897637795275
"LCD (LED)",4.583122238,49.4988188976378
"LCD (LED)",4.58598413,64.5259842519685
"LCD (LED)",4.590608971,64.4996062992126
"LCD (LED)",4.593676354,74.54251968503937
"LCD (LED)",4.594420944,64.52283464566929
"LCD (LED)",4.594530915,97.51614173228346
"LCD (LED)",4.595568072,49.49803149606299
"LCD (LED)",4.596431533,74.54488188976377
"LCD (LED)",4.597462795,49.4988188976378
"LCD (LED)",4.603408889,57.51653543307087
"LCD (LED)",4.607734314,69.89685039370079
"LCD (LED)",4.611447962,42.50236220472441
"LCD (LED)",4.613442756,42.514566929133856
"LCD (LED)",4.614103819,54.61062992125985
"LCD (LED)",4.617398287,74.51732283464567
"LCD (LED)",4.617791429,49.47874015748032
"LCD (LED)",4.618566593,74.52992125984252
"LCD (LED)",4.624387594,49.49803149606299
"LCD (LED)",4.625895926,64.4996062992126
"LCD (LED)",4.628587019,42.5
"LCD (LED)",4.630644483,54.63897637795275
"LCD (LED)",4.632024321,74.52992125984252
"LCD (LED)",4.632391706,42.514566929133856
"LCD (LED)",4.638361742,55.204330708661416
"LCD (LED)",4.640183608,42.48070866141732
"LCD (LED)",4.640672951,74.54251968503937
"LCD (LED)",4.644281539,74.51771653543307
"LCD (LED)",4.646537175,84.56023622047243
"LCD (LED)",4.646994909,69.51417322834645
"LCD (LED)",4.656652344,64.52637795275591
"LCD (LED)",4.662455826,69.61220472440945
"LCD (LED)",4.664261249,49.463779527559055
"LCD (LED)",4.66584652,74.52992125984252
"LCD (LED)",4.670330786,69.5035433070866
"LCD (LED)",4.671400654,74.51771653543307
"LCD (LED)",4.673133218,84.56023622047243
"LCD (LED)",4.674465493,74.54330708661418
"LCD (LED)",4.674746424,54.61062992125985
"LCD (LED)",4.680824803,69.51299212598424
"LCD (LED)",4.682891793,57.50708661417323
"LCD (LED)",4.683815988,84.56023622047243
"LCD (LED)",4.684483395,49.4988188976378
"LCD (LED)",4.684853924,49.50236220472441
"LCD (LED)",4.689724089,42.514566929133856
"LCD (LED)",4.690761533,76.66377952755906
"LCD (LED)",4.692023881,15.546062992125984
"LCD (LED)",4.692432336,64.52637795275591
"LCD (LED)",4.694913073,74.54330708661418
"LCD (LED)",4.699152541,49.4988188976378
"LCD (LED)",4.69936663,49.5003937007874
"LCD (LED)",4.702649565,54.64488188976378
"LCD (LED)",4.707957376,82.51377952755905
"LCD (LED)",4.707985055,31.448818897637793
"LCD (LED)",4.715535164,74.54251968503937
"LCD (LED)",4.716007447,54.63897637795275
"LCD (LED)",4.716688671,18.501968503937007
"LCD (LED)",4.718939506,31.511417322834646
"LCD (LED)",4.721747676,39.5007874015748
"LCD (LED)",4.730562318,82.51377952755905
"LCD (LED)",4.732206118,84.56023622047243
"LCD (LED)",4.732242536,74.54488188976377
"LCD (LED)",4.733025431,74.51771653543307
"LCD (LED)",4.74069853,54.63897637795275
"LCD (LED)",4.741555578,49.49803149606299
"LCD (LED)",4.74222123,69.51574803149606
"LCD (LED)",4.7434503,49.4988188976378
"LCD (LED)",4.748452976,84.56023622047243
"LCD (LED)",4.748928277,23.708661417322833
"LCD (LED)",4.749900512,74.54330708661418
"LCD (LED)",4.753095274,54.63897637795275
"LCD (LED)",4.755743057,64.52637795275591
"LCD (LED)",4.755789054,64.5259842519685
"LCD (LED)",4.757876673,60.0751968503937
"LCD (LED)",4.757909455,23.546850393700787
"LCD (LED)",4.758996662,23.553937007874016
"LCD (LED)",4.75931703,84.56023622047243
"LCD (LED)",4.763521689,42.5
"LCD (LED)",4.763834232,74.54251968503937
"LCD (LED)",4.764913992,42.4988188976378
"LCD (LED)",4.765526405,54.63897637795275
"LCD (LED)",4.767326376,42.514566929133856
"LCD (LED)",4.767626427,49.463779527559055
"LCD (LED)",4.767875083,54.67952755905512
"LCD (LED)",4.77399734,64.52637795275591
"LCD (LED)",4.782789674,74.52992125984252
"LCD (LED)",4.783418926,31.511417322834646
"LCD (LED)",4.788190307,49.4988188976378
"LCD (LED)",4.792372278,64.5259842519685
"LCD (LED)",4.795139162,66.59527559055117
"LCD (LED)",4.797549975,84.56023622047243
"LCD (LED)",4.798447235,23.708661417322833
"LCD (LED)",4.7990319,69.51338582677165
"LCD (LED)",4.803028048,54.63897637795275
"LCD (LED)",4.803203454,49.4988188976378
"LCD (LED)",4.806637331,42.514566929133856
"LCD (LED)",4.811354439,39.5007874015748
"LCD (LED)",4.812578739,74.54330708661418
"LCD (LED)",4.815246229,97.51496062992125
"LCD (LED)",4.818267065,49.4988188976378
"LCD (LED)",4.819665341,64.52283464566929
"LCD (LED)",4.826422883,42.514566929133856
"LCD (LED)",4.828452518,64.43110236220473
"LCD (LED)",4.829210606,64.52637795275591
"LCD (LED)",4.840800404,74.54251968503937
"LCD (LED)",4.840846164,54.63897637795275
"LCD (LED)",4.848547046,49.4988188976378
"LCD (LED)",4.8503554,49.53228346456693
"LCD (LED)",4.857074448,64.52637795275591
"LCD (LED)",4.858297203,84.56023622047243
"LCD (LED)",4.864733843,21.53031496062992
"LCD (LED)",4.873081208,74.51771653543307
"LCD (LED)",4.878897864,97.52047244094489
"LCD (LED)",4.881915641,31.511417322834646
"LCD (LED)",4.885112622,64.52637795275591
"LCD (LED)",4.886261503,64.51889763779526
"LCD (LED)",4.88749912,69.50984251968504
"LCD (LED)",4.894472276,74.51771653543307
"LCD (LED)",4.895176666,31.42952755905512
"LCD (LED)",4.895713321,74.52992125984252
"LCD (LED)",4.90011671,54.61062992125985
"LCD (LED)",4.904106439,85.52755905511812
"LCD (LED)",4.904594324,54.63897637795275
"LCD (LED)",4.906832456,69.50314960629922
"LCD (LED)",4.906943001,54.67952755905512
"LCD (LED)",4.908338226,69.5035433070866
"LCD (LED)",4.908619355,84.56023622047243
"LCD (LED)",4.909727793,49.4988188976378
"LCD (LED)",4.912410403,41.50196850393701
"LCD (LED)",4.913668151,31.499212598425196
"LCD (LED)",4.914518617,31.517322834645668
"LCD (LED)",4.922771836,64.52637795275591
"LCD (LED)",4.926398194,23.807086614173226
"LCD (LED)",4.926734502,42.514566929133856
"LCD (LED)",4.929286514,54.64488188976378
"LCD (LED)",4.942484152,84.56023622047243
"LCD (LED)",4.943015386,31.9992125984252
"LCD (LED)",4.943201796,42.5
"LCD (LED)",4.943283083,54.63897637795275
"LCD (LED)",4.948332403,65.20984251968504
"LCD (LED)",4.94880375,31.511417322834646
"LCD (LED)",4.950744667,48.511417322834646
"LCD (LED)",4.951547844,69.49921259842519
"LCD (LED)",4.952019392,74.51771653543307
"LCD (LED)",4.954273073,49.49803149606299
"LCD (LED)",4.956167795,49.4988188976378
"LCD (LED)",4.959513001,84.56023622047243
"LCD (LED)",4.967763428,74.52992125984252
"LCD (LED)",4.970295294,64.52637795275591
"LCD (LED)",4.971755359,49.4988188976378
"LCD (LED)",4.976100869,76.84133858267717
"LCD (LED)",4.979906759,64.5259842519685
"LCD (LED)",4.981909663,31.517322834645668
"LCD (LED)",4.984128291,42.5
"LCD (LED)",4.991584761,57.50354330708661
"LCD (LED)",4.995393207,54.63897637795275
"LCD (LED)",4.998815559,74.54251968503937
"LCD (LED)",4.999053169,64.52637795275591
"LCD (LED)",5.003308177,49.5003937007874
"LCD (LED)",5.004339796,41.360236220472444
"LCD (LED)",5.004902443,49.53228346456693
"LCD (LED)",5.005242175,84.56023622047243
"LCD (LED)",5.00569132,69.50314960629922
"LCD (LED)",5.005696951,99.52125984251968
"LCD (LED)",5.006051378,74.54330708661418
"LCD (LED)",5.007525855,97.51771653543307
"LCD (LED)",5.008515969,54.63897637795275
"LCD (LED)",5.008680284,64.52637795275591
"LCD (LED)",5.00872628,64.5259842519685
"LCD (LED)",5.010874187,31.48307086614173
"LCD (LED)",5.01324516,49.463779527559055
"LCD (LED)",5.014220466,64.4996062992126
"LCD (LED)",5.014809056,23.5496062992126
"LCD (LED)",5.016571588,39.49015748031496
"LCD (LED)",5.016627757,31.511417322834646
"LCD (LED)",5.016703577,31.507480314960628
"LCD (LED)",5.016718726,31.511417322834646
"LCD (LED)",5.016951299,49.49803149606299
"LCD (LED)",5.017184873,31.512992125984255
"LCD (LED)",5.017948383,39.50275590551181
"LCD (LED)",5.01837412,64.5259842519685
"LCD (LED)",5.018846021,49.4988188976378
"LCD (LED)",5.018896731,74.52992125984252
"LCD (LED)",5.01906011,49.5003937007874
"LCD (LED)",5.019830173,39.5007874015748
"LCD (LED)",5.021677271,54.63897637795275
"LCD (LED)",5.025764679,31.54763779527559
"LCD (LED)",5.026081959,42.49685039370078
"LCD (LED)",5.02624935,74.52992125984252
"LCD (LED)",5.026256219,41.50472440944882
"LCD (LED)",5.02799678,64.52637795275591
"LCD (LED)",5.02815393,74.54251968503937
"LCD (LED)",5.028282946,84.56023622047243
"LCD (LED)",5.029236683,42.514566929133856
"LCD (LED)",5.030399725,54.61062992125985
"LCD (LED)",5.032738566,76.66850393700787
"LCD (LED)",5.03487734,54.63897637795275
"LCD (LED)",5.035437845,74.54330708661418
"LCD (LED)",5.03768634,64.52637795275591
"LCD (LED)",5.037732337,64.5259842519685
"LCD (LED)",5.041608955,60.10275590551181
"LCD (LED)",5.045214739,31.48307086614173
"LCD (LED)",5.0456416,84.56023622047243
"LCD (LED)",5.047053236,54.64488188976378
"LCD (LED)",5.048057872,31.493700787401576
"LCD (LED)",5.048116405,54.63897637795275
"LCD (LED)",5.050032173,42.514566929133856
"LCD (LED)",5.05032962,31.517322834645668
"LCD (LED)",5.051045906,31.511417322834646
"LCD (LED)",5.051525425,31.512992125984255
"LCD (LED)",5.053020883,64.4996062992126
"LCD (LED)",5.053262883,23.659448818897637
"LCD (LED)",5.05454001,74.51771653543307
"LCD (LED)",5.054569779,42.56850393700787
"LCD (LED)",5.055781055,74.52992125984252
"LCD (LED)",5.056057439,69.50275590551182
"LCD (LED)",5.056239819,99.52125984251968
"LCD (LED)",5.057685636,74.54251968503937
"LCD (LED)",5.060747533,76.66850393700787
"LCD (LED)",5.062773705,64.4996062992126
"LCD (LED)",5.062942947,42.46574803149606
"LCD (LED)",5.063138327,23.53307086614173
"LCD (LED)",5.065515603,18.509055118110236
"LCD (LED)",5.066881363,64.52637795275591
"LCD (LED)",5.066927359,64.5259842519685
"LCD (LED)",5.067119925,42.5
"LCD (LED)",5.067844049,23.55275590551181
"LCD (LED)",5.070976567,42.514566929133856
"LCD (LED)",5.070989555,42.51417322834646
"LCD (LED)",5.074722948,84.56023622047243
"LCD (LED)",5.076701453,64.5259842519685
"LCD (LED)",5.08241333,49.4988188976378
"LCD (LED)",5.082627418,49.5003937007874
"LCD (LED)",5.084221684,49.53228346456693
"LCD (LED)",5.085651639,31.511417322834646
"LCD (LED)",5.085654196,31.511417322834646
"LCD (LED)",5.086408536,84.56023622047243
"LCD (LED)",5.08744767,57.50354330708661
"LCD (LED)",5.087940745,57.50708661417323
"LCD (LED)",5.088069895,54.63897637795275
"LCD (LED)",5.090254556,99.52125984251968
"LCD (LED)",5.092971477,74.52992125984252
"LCD (LED)",5.098661139,49.5003937007874
"LCD (LED)",5.099286518,74.51732283464567
"LCD (LED)",5.101467274,54.63897637795275
"LCD (LED)",5.109839077,74.54251968503937
"LCD (LED)",5.110651022,42.5011811023622
"LCD (LED)",5.112434497,39.49015748031496
"LCD (LED)",5.113003984,42.514566929133856
"LCD (LED)",5.113372384,42.53425196850394
"LCD (LED)",5.121511445,23.55275590551181
"LCD (LED)",5.121853047,23.553937007874016
"LCD (LED)",5.125086761,49.463779527559055
"LCD (LED)",5.125894264,64.5259842519685
"LCD (LED)",5.12754973,84.56023622047243
"LCD (LED)",5.128382791,54.63897637795275
"LCD (LED)",5.130687622,49.4988188976378
"LCD (LED)",5.131059627,41.50196850393701
"LCD (LED)",5.134275172,85.60039370078741
"LCD (LED)",5.134600947,64.53385826771654
"LCD (LED)",5.135751963,64.52637795275591
"LCD (LED)",5.135764682,97.51771653543307
"LCD (LED)",5.136770209,74.51771653543307
"LCD (LED)",5.138385828,18.509055118110236
"LCD (LED)",5.141294446,49.463779527559055
"LCD (LED)",5.141901414,54.63897637795275
"LCD (LED)",5.146895307,49.4988188976378
"LCD (LED)",5.147539426,65.20984251968504
"LCD (LED)",5.149211315,64.51456692913385
"LCD (LED)",5.149248776,39.97992125984252
"LCD (LED)",5.151229681,84.56023622047243
"LCD (LED)",5.151517598,64.4996062992126
"LCD (LED)",5.154397772,54.64488188976378
"LCD (LED)",5.154958967,31.517322834645668
"LCD (LED)",5.155460941,54.63897637795275
"LCD (LED)",5.155625255,64.52637795275591
"LCD (LED)",5.155671251,64.5259842519685
"LCD (LED)",5.160019824,42.56850393700787
"LCD (LED)",5.164429277,39.5007874015748
"LCD (LED)",5.167745019,99.52125984251968
"LCD (LED)",5.170195816,74.54251968503937
"LCD (LED)",5.171129579,23.53307086614173
"LCD (LED)",5.171479413,64.4996062992126
"LCD (LED)",5.173357207,23.541732283464565
"LCD (LED)",5.175587071,64.52637795275591
"LCD (LED)",5.175832354,23.55275590551181
"LCD (LED)",5.175893307,74.52992125984252
"LCD (LED)",5.181006668,84.56023622047243
"LCD (LED)",5.1827037,54.63897637795275
"LCD (LED)",5.185148614,99.52125984251968
"LCD (LED)",5.185512455,18.42007874015748
"LCD (LED)",5.189895201,74.51771653543307
"LCD (LED)",5.193622977,42.4507874015748
"LCD (LED)",5.19843189,42.51417322834646
"LCD (LED)",5.198720592,41.50196850393701
"LCD (LED)",5.210113083,54.63897637795275
"LCD (LED)",5.217002204,84.56023622047243
"LCD (LED)",5.226732802,31.511417322834646
"LCD (LED)",5.226778438,31.50944881889764
"LCD (LED)",5.226810399,31.511417322834646
"LCD (LED)",5.226812956,31.511417322834646
"LCD (LED)",5.226823771,31.511417322834646
"LCD (LED)",5.235220811,39.49015748031496
"LCD (LED)",5.236057624,64.5259842519685
"LCD (LED)",5.236627971,54.64488188976378
"LCD (LED)",5.236901135,49.47874015748032
"LCD (LED)",5.23769114,54.63897637795275
"LCD (LED)",5.238511306,42.49685039370078
"LCD (LED)",5.241160861,84.56023622047243
"LCD (LED)",5.243148837,39.50905511811023
"LCD (LED)",5.244898573,74.52992125984252
"LCD (LED)",5.245392022,49.4988188976378
"LCD (LED)",5.24560611,49.5003937007874
"LCD (LED)",5.246162074,64.52637795275591
"LCD (LED)",5.246803153,74.54251968503937
"LCD (LED)",5.251390782,74.51771653543307
"LCD (LED)",5.251544073,54.63897637795275
"LCD (LED)",5.252227906,64.4996062992126
"LCD (LED)",5.252735649,82.51377952755905
"LCD (LED)",5.254455621,74.54330708661418
"LCD (LED)",5.256335564,64.52637795275591
"LCD (LED)",5.260125965,49.49803149606299
"LCD (LED)",5.262020687,49.4988188976378
"LCD (LED)",5.262234776,49.5003937007874
"LCD (LED)",5.262808492,31.511417322834646
"LCD (LED)",5.263090394,85.6011811023622
"LCD (LED)",5.263161497,85.60039370078741
"LCD (LED)",5.266578197,64.5259842519685
"LCD (LED)",5.277816565,74.54251968503937
"LCD (LED)",5.278315901,54.64488188976378
"LCD (LED)",5.27937907,54.63897637795275
"LCD (LED)",5.280728755,60.10354330708662
"LCD (LED)",5.281262908,69.48700787401576
"LCD (LED)",5.283754449,84.56023622047243
"LCD (LED)",5.285522783,74.54330708661418
"LCD (LED)",5.286995342,64.52637795275591
"LCD (LED)",5.288884056,54.61062992125985
"LCD (LED)",5.289872429,84.56023622047243
"LCD (LED)",5.292298502,54.64488188976378
"LCD (LED)",5.293361671,54.63897637795275
"LCD (LED)",5.297308055,64.5259842519685
"LCD (LED)",5.299427648,42.46574803149606
"LCD (LED)",5.299572455,31.512992125984255
"LCD (LED)",5.301278233,65.30866141732282
"LCD (LED)",5.303604626,42.5
"LCD (LED)",5.307388037,54.63897637795275
"LCD (LED)",5.308276644,84.56023622047243
"LCD (LED)",5.3090461,74.54251968503937
"LCD (LED)",5.313387442,99.52125984251968
"LCD (LED)",5.314428217,84.56023622047243
"LCD (LED)",5.326756754,84.56023622047243
"LCD (LED)",5.327264601,49.49803149606299
"LCD (LED)",5.328204093,64.52637795275591
"LCD (LED)",5.328250089,64.5259842519685
"LCD (LED)",5.329159323,49.4988188976378
"LCD (LED)",5.329373411,49.5003937007874
"LCD (LED)",5.330707324,74.52992125984252
"LCD (LED)",5.335573162,54.63897637795275
"LCD (LED)",5.335678717,31.511417322834646
"LCD (LED)",5.346992914,57.49566929133858
"LCD (LED)",5.34866931,54.64488188976378
"LCD (LED)",5.348997442,64.5259842519685
"LCD (LED)",5.349203658,84.5259842519685
"LCD (LED)",5.35148757,23.79763779527559
"LCD (LED)",5.355253595,64.4996062992126
"LCD (LED)",5.356171503,19.020866141732284
"LCD (LED)",5.359361253,64.52637795275591
"LCD (LED)",5.363006088,99.52125984251968
"LCD (LED)",5.363765318,74.54055118110236
"LCD (LED)",5.36438767,18.509055118110236
"LCD (LED)",5.364749558,39.5007874015748
"LCD (LED)",5.369394371,39.50905511811023
"LCD (LED)",5.370326753,42.5
"LCD (LED)",5.376412886,84.56023622047243
"LCD (LED)",5.376740651,74.63740157480315
"LCD (LED)",5.380181735,49.4988188976378
"LCD (LED)",5.385155519,42.53858267716535
"LCD (LED)",5.385681673,57.49566929133858
"LCD (LED)",5.388004754,74.54330708661418
"LCD (LED)",5.388085541,74.54251968503937
"LCD (LED)",5.388586341,97.51614173228346
"LCD (LED)",5.392921074,74.51771653543307
"LCD (LED)",5.395014904,82.51377952755905
"LCD (LED)",5.39517671,84.56023622047243
"LCD (LED)",5.397136331,64.4996062992126
"LCD (LED)",5.399112735,23.54724409448819
"LCD (LED)",5.399950059,23.55275590551181
"LCD (LED)",5.400291661,23.553937007874016
"LCD (LED)",5.401243989,64.52637795275591
"LCD (LED)",5.40239287,64.51889763779526
"LCD (LED)",5.406335966,21.450787401574804
"LCD (LED)",5.406821405,54.63897637795275
"LCD (LED)",5.407668463,64.4996062992126
"LCD (LED)",5.40812573,85.60039370078741
"LCD (LED)",5.409034621,31.517322834645668
"LCD (LED)",5.409893959,23.807086614173226
"LCD (LED)",5.416260702,39.5007874015748
"LCD (LED)",5.422817343,97.51850393700788
"LCD (LED)",5.431163312,54.61062992125985
"LCD (LED)",5.432820969,49.50433070866141
"LCD (LED)",5.435640926,54.63897637795275
"LCD (LED)",5.43892599,85.60039370078741
"LCD (LED)",5.443521851,64.52637795275591
"LCD (LED)",5.443567847,64.5259842519685
"LCD (LED)",5.445642872,54.61062992125985
"LCD (LED)",5.451486016,54.65275590551182
"LCD (LED)",5.452336392,74.54251968503937
"LCD (LED)",5.464657484,84.56023622047243
"LCD (LED)",5.475494068,64.52637795275591
"LCD (LED)",5.481664967,74.51771653543307
"LCD (LED)",5.482906013,74.52992125984252
"LCD (LED)",5.484217149,49.5003937007874
"LCD (LED)",5.484354379,31.517322834645668
"LCD (LED)",5.494129989,31.54763779527559
"LCD (LED)",5.50105558,74.54330708661418
"LCD (LED)",5.501542888,49.4988188976378
"LCD (LED)",5.501756976,49.5003937007874
"LCD (LED)",5.50265028,42.46574803149606
"LCD (LED)",5.503015094,84.56023622047243
"LCD (LED)",5.503990933,81.56811023622046
"LCD (LED)",5.506248726,74.51732283464567
"LCD (LED)",5.506827258,42.5
"LCD (LED)",5.507417031,74.52992125984252
"LCD (LED)",5.507696028,64.52637795275591
"LCD (LED)",5.507742024,64.5259842519685
"LCD (LED)",5.508511152,54.63897637795275
"LCD (LED)",5.509077111,69.5035433070866
"LCD (LED)",5.509240825,74.54330708661418
"LCD (LED)",5.509321612,74.54251968503937
"LCD (LED)",5.5106839,42.514566929133856
"LCD (LED)",5.510696888,42.51417322834646
"LCD (LED)",5.511654351,23.53307086614173
"LCD (LED)",5.514373983,64.4996062992126
"LCD (LED)",5.515246012,99.52125984251968
"LCD (LED)",5.515617253,74.52992125984252
"LCD (LED)",5.515874271,84.56023622047243
"LCD (LED)",5.518481641,64.52637795275591
"LCD (LED)",5.518750858,54.61062992125985
"LCD (LED)",5.519365722,49.5003937007874
"LCD (LED)",5.519630522,64.51889763779526
"LCD (LED)",5.519913101,57.50708661417323
"LCD (LED)",5.521179398,54.61850393700787
"LCD (LED)",5.523228472,54.63897637795275
"LCD (LED)",5.529345929,99.52125984251968
"LCD (LED)",5.532724332,31.548425196850392
"LCD (LED)",5.533270548,57.50708661417323
"LCD (LED)",5.537230124,27.00748031496063
"LCD (LED)",5.537859062,49.50433070866141
"LCD (LED)",5.537994285,54.63897637795275
"LCD (LED)",5.542132129,74.54330708661418
"LCD (LED)",5.548331296,54.61062992125985
"LCD (LED)",5.54856902,74.52992125984252
"LCD (LED)",5.55099511,64.52637795275591
"LCD (LED)",5.552808911,54.63897637795275
"LCD (LED)",5.555077154,42.50236220472441
"LCD (LED)",5.555846835,31.48307086614173
"LCD (LED)",5.555877067,97.48188976377953
"LCD (LED)",5.560961716,31.517322834645668
"LCD (LED)",5.561680559,31.511417322834646
"LCD (LED)",5.562157521,31.512992125984255
"LCD (LED)",5.562529543,54.537795275590554
"LCD (LED)",5.566795995,49.463779527559055
"LCD (LED)",5.567040792,74.54251968503937
"LCD (LED)",5.567683173,84.56023622047243
"LCD (LED)",5.568694892,64.4996062992126
"LCD (LED)",5.57005491,31.536614173228344
"LCD (LED)",5.572201786,74.51771653543307
"LCD (LED)",5.572396856,49.4988188976378
"LCD (LED)",5.572538475,39.50275590551181
"LCD (LED)",5.574444892,39.5007874015748
"LCD (LED)",5.575266625,74.54330708661418
"LCD (LED)",5.580729529,84.56023622047243
"LCD (LED)",5.583285572,23.806692913385827
"LCD (LED)",5.584895075,64.51889763779526
"LCD (LED)",5.590102405,74.52992125984252
"LCD (LED)",5.592095134,49.53228346456693
"LCD (LED)",5.592233467,69.51299212598424
"LCD (LED)",5.597548917,54.63897637795275
"LCD (LED)",5.598455474,74.52992125984252
"LCD (LED)",5.598914446,54.65275590551182
"LCD (LED)",5.599762133,31.517322834645668
"LCD (LED)",5.600491791,31.511417322834646
"LCD (LED)",5.601360409,39.5007874015748
"LCD (LED)",5.603224361,41.50196850393701
"LCD (LED)",5.616738393,64.52637795275591
"LCD (LED)",5.624387594,49.49803149606299
"LCD (LED)",5.627625675,54.63897637795275
"LCD (LED)",5.62778999,64.52637795275591
"LCD (LED)",5.632024321,74.52992125984252
"LCD (LED)",5.634430437,54.50354330708661
"LCD (LED)",5.63476125,64.4996062992126
"LCD (LED)",5.637058984,64.48464566929134
"LCD (LED)",5.642279763,74.54330708661418
"LCD (LED)",5.642494366,49.49803149606299
"LCD (LED)",5.642740091,54.63897637795275
"LCD (LED)",5.649131399,31.548425196850392
"LCD (LED)",5.650540934,97.48188976377953
"LCD (LED)",5.650858998,42.485039370078745
"LCD (LED)",5.654952557,39.681496062992125
"LCD (LED)",5.657905656,54.63897637795275
"LCD (LED)",5.65927159,74.54251968503937
"LCD (LED)",5.661155248,64.5259842519685
"LCD (LED)",5.661537841,55.092913385826776
"LCD (LED)",5.664686296,74.51732283464567
"LCD (LED)",5.673423805,97.51496062992125
"LCD (LED)",5.674342106,74.52992125984252
"LCD (LED)",5.675222738,49.463779527559055
"LCD (LED)",5.678474524,41.50196850393701
"LCD (LED)",5.681650597,64.48464566929134
"LCD (LED)",5.683460521,64.52637795275591
"LCD (LED)",5.683506517,64.5259842519685
"LCD (LED)",5.687328456,54.64488188976378
"LCD (LED)",5.691381746,74.52992125984252
"LCD (LED)",5.693259204,85.60039370078741
"LCD (LED)",5.693286327,74.54251968503937
"LCD (LED)",5.694724095,64.5259842519685
"LCD (LED)",5.699152541,49.4988188976378
"LCD (LED)",5.702901572,23.807086614173226
"LCD (LED)",5.70876234,39.50275590551181
"LCD (LED)",5.710475337,57.50708661417323
"LCD (LED)",5.713105781,31.48307086614173
"LCD (LED)",5.713325596,84.56023622047243
"LCD (LED)",5.717934182,69.51299212598424
"LCD (LED)",5.718939506,31.511417322834646
"LCD (LED)",5.719086403,54.63897637795275
"LCD (LED)",5.719416468,31.512992125984255
"LCD (LED)",5.723561815,42.514566929133856
"LCD (LED)",5.751191081,64.52637795275591
"LCD (LED)",5.753881711,84.56023622047243
"LCD (LED)",5.755151457,41.50196850393701
"LCD (LED)",5.765526405,54.63897637795275
"LCD (LED)",5.765807692,85.60039370078741
"LCD (LED)",5.772221429,42.514566929133856
"LCD (LED)",5.777103744,74.5279527559055
"LCD (LED)",5.777565559,74.52992125984252
"LCD (LED)",5.785034759,74.51771653543307
"LCD (LED)",5.788180385,74.54251968503937
"LCD (LED)",5.792152969,49.5003937007874
"LCD (LED)",5.793854274,31.48307086614173
"LCD (LED)",5.79675594,54.63897637795275
"LCD (LED)",5.796777217,42.514566929133856
"LCD (LED)",5.796920255,64.52637795275591
"LCD (LED)",5.798969156,31.517322834645668
"LCD (LED)",5.799685442,31.511417322834646
"LCD (LED)",5.799687999,31.511417322834646
"LCD (LED)",5.800164961,31.512992125984255
"LCD (LED)",5.801665775,84.56023622047243
"LCD (LED)",5.805026808,42.75314960629921
"LCD (LED)",5.808425833,64.52637795275591
"LCD (LED)",5.813818228,54.65275590551182
"LCD (LED)",5.819115337,42.5011811023622
"LCD (LED)",5.823038132,39.5011811023622
"LCD (LED)",5.823191658,74.54251968503937
"LCD (LED)",5.823727017,54.61062992125985
"LCD (LED)",5.827252981,98.27007874015747
"LCD (LED)",5.828204632,54.63897637795275
"LCD (LED)",5.840830615,97.48188976377953
"LCD (LED)",5.841222707,99.52125984251968
"LCD (LED)",5.843120871,64.52637795275591
"LCD (LED)",5.843166868,64.5259842519685
"LCD (LED)",5.848761134,49.5003937007874
"LCD (LED)",5.854791829,64.5259842519685
"LCD (LED)",5.8569074,84.56023622047243
"LCD (LED)",5.857093447,74.53700787401576
"LCD (LED)",5.86165102,64.87480314960631
"LCD (LED)",5.873978958,64.4996062992126
"LCD (LED)",5.880197819,23.53307086614173
"LCD (LED)",5.884900594,23.55275590551181
"LCD (LED)",5.885127374,74.54251968503937
"LCD (LED)",5.889802753,64.52637795275591
"LCD (LED)",5.890899999,74.51771653543307
"LCD (LED)",5.89177194,54.63897637795275
"LCD (LED)",5.892563742,42.5
"LCD (LED)",5.899836035,74.51771653543307
"LCD (LED)",5.901549602,64.52637795275591
"LCD (LED)",5.908618544,39.5007874015748
"LCD (LED)",5.91003097,74.52992125984252
"LCD (LED)",5.913327322,64.52637795275591
"LCD (LED)",5.920907365,74.54251968503937
"LCD (LED)",5.925136078,64.52637795275591
"LCD (LED)",5.926931014,84.56023622047243
"LCD (LED)",5.944679797,23.53307086614173
"LCD (LED)",5.95193342,23.807086614173226
"LCD (LED)",5.955249719,84.56023622047243
"LCD (LED)",5.9639548,49.4988188976378
"LCD (LED)",5.964966656,31.517322834645668
"LCD (LED)",5.968737022,42.5
"LCD (LED)",5.981072461,74.51771653543307
"LCD (LED)",5.984218087,74.54251968503937
"LCD (LED)",5.99620609,39.5007874015748
"LCD (LED)",6.000236143,70.01102362204725
"LCD (LED)",6.000656504,115.50078740157481
"LCD (LED)",6.001278565,69.51299212598424
"LCD (LED)",6.003308177,49.5003937007874
"LCD (LED)",6.005231674,54.63897637795275
"LCD (LED)",6.005242175,84.56023622047243
"LCD (LED)",6.00744489,31.517322834645668
"LCD (LED)",6.007529267,64.53385826771654
"LCD (LED)",6.008562666,74.51732283464567
"LCD (LED)",6.009852598,69.50275590551182
"LCD (LED)",6.009858145,69.50314960629922
"LCD (LED)",6.01010315,23.53307086614173
"LCD (LED)",6.01015601,69.51574803149606
"LCD (LED)",6.011546682,74.54330708661418
"LCD (LED)",6.012429699,84.56023622047243
"LCD (LED)",6.012873326,57.50708661417323
"LCD (LED)",6.012924571,64.44173228346456
"LCD (LED)",6.016298855,54.68385826771653
"LCD (LED)",6.016635675,64.4996062992126
"LCD (LED)",6.018896731,74.52992125984252
"LCD (LED)",6.018941073,39.50551181102362
"LCD (LED)",6.020743333,64.52637795275591
"LCD (LED)",6.020789329,64.5259842519685
"LCD (LED)",6.021677271,54.63897637795275
"LCD (LED)",6.022058059,42.50236220472441
"LCD (LED)",6.022503316,39.49015748031496
"LCD (LED)",6.023006759,49.5003937007874
"LCD (LED)",6.025761902,39.5007874015748
"LCD (LED)",6.025786529,39.5007874015748
"LCD (LED)",6.027036615,41.48818897637795
"LCD (LED)",6.02859046,42.56850393700787
"LCD (LED)",6.031360324,64.50905511811024
"LCD (LED)",6.032884937,64.5259842519685
"LCD (LED)",6.040859627,64.4996062992126
"LCD (LED)",6.042749571,57.50708661417323
"LCD (LED)",6.045013281,64.5259842519685
"LCD (LED)",6.045214739,31.48307086614173
"LCD (LED)",6.047319749,41.49881889763779
"LCD (LED)",6.048541257,84.56023622047243
"LCD (LED)",6.051110423,31.511811023622048
"LCD (LED)",6.054750632,54.63897637795275
"LCD (LED)",6.057128541,64.52637795275591
"LCD (LED)",6.062665603,49.5003937007874
"LCD (LED)",6.069368885,64.5259842519685
"LCD (LED)",6.070348697,84.56023622047243
"LCD (LED)",6.071379298,54.63897637795275
"LCD (LED)",6.076495774,23.53307086614173
"LCD (LED)",6.080700583,42.56850393700787
"LCD (LED)",6.08225647,39.49015748031496
"LCD (LED)",6.082627418,49.5003937007874
"LCD (LED)",6.084009428,39.503937007874015
"LCD (LED)",6.0851158,69.51574803149606
"LCD (LED)",6.086236122,65.09133858267717
"LCD (LED)",6.087397644,64.51456692913385
"LCD (LED)",6.088069895,54.63897637795275
"LCD (LED)",6.090700128,76.66850393700787
"LCD (LED)",6.098642353,42.5
"LCD (LED)",6.100034656,42.4988188976378
"LCD (LED)",6.100094079,42.5011811023622
"LCD (LED)",6.102447041,42.514566929133856
"LCD (LED)",6.104141301,74.54330708661418
"LCD (LED)",6.104822887,54.63897637795275
"LCD (LED)",6.106984135,114.45629921259842
"LCD (LED)",6.112434497,39.49015748031496
"LCD (LED)",6.113587651,74.54251968503937
"LCD (LED)",6.118158094,57.50708661417323
"LCD (LED)",6.119827201,74.51771653543307
"LCD (LED)",6.122605708,49.4988188976378
"LCD (LED)",6.12289204,74.54330708661418
"LCD (LED)",6.125031423,41.4755905511811
"LCD (LED)",6.128303945,97.48188976377953
"LCD (LED)",6.130843376,64.5259842519685
"LCD (LED)",6.138069064,31.511417322834646
"LCD (LED)",6.138131023,31.511811023622048
"LCD (LED)",6.138546026,31.512992125984255
"LCD (LED)",6.143051976,49.5003937007874
"LCD (LED)",6.14388682,23.53307086614173
"LCD (LED)",6.147318344,74.54488188976377
"LCD (LED)",6.148231375,23.807086614173226
"LCD (LED)",6.153128193,41.4755905511811
"LCD (LED)",6.154670935,49.47874015748032
"LCD (LED)",6.155625255,64.52637795275591
"LCD (LED)",6.156774136,64.51889763779526
"LCD (LED)",6.159156397,41.50196850393701
"LCD (LED)",6.161267101,49.49803149606299
"LCD (LED)",6.166093442,84.56023622047243
"LCD (LED)",6.172468248,54.63897637795275
"LCD (LED)",6.181006668,84.56023622047243
"LCD (LED)",6.182698305,31.512992125984255
"LCD (LED)",6.188481933,84.56023622047243
"LCD (LED)",6.191278111,31.54763779527559
"LCD (LED)",6.193172894,64.5259842519685
"LCD (LED)",6.196865743,74.52992125984252
"LCD (LED)",6.202200114,54.61062992125985
"LCD (LED)",6.204302407,49.5003937007874
"LCD (LED)",6.206406424,23.498818897637793
"LCD (LED)",6.206601395,38.346850393700784
"LCD (LED)",6.223880898,54.63897637795275
"LCD (LED)",6.224906674,49.5003937007874
"LCD (LED)",6.225623618,74.52992125984252
"LCD (LED)",6.226094113,31.517322834645668
"LCD (LED)",6.235220811,39.49015748031496
"LCD (LED)",6.238504024,39.5007874015748
"LCD (LED)",6.241150361,54.63897637795275
"LCD (LED)",6.25848663,54.63897637795275
"LCD (LED)",6.263015743,74.51771653543307
"LCD (LED)",6.266019009,31.48307086614173
"LCD (LED)",6.277763132,64.4996062992126
"LCD (LED)",6.280909501,31.54763779527559
"LCD (LED)",6.28187079,64.52637795275591
"LCD (LED)",6.283698989,74.52992125984252
"LCD (LED)",6.284042378,23.807086614173226
"LCD (LED)",6.287078165,42.5
"LCD (LED)",6.292263476,64.94527559055119
"LCD (LED)",6.293361671,54.63897637795275
"LCD (LED)",6.293451812,74.52992125984252
"LCD (LED)",6.305413066,97.48188976377953
"LCD (LED)",6.314624077,69.50984251968504
"LCD (LED)",6.314656222,42.5
"LCD (LED)",6.316078254,42.5011811023622
"LCD (LED)",6.316630932,31.517322834645668
"LCD (LED)",6.320494529,64.5259842519685
"LCD (LED)",6.323558462,49.463779527559055
"LCD (LED)",6.324742859,74.54251968503937
"LCD (LED)",6.332388205,39.499212598425196
"LCD (LED)",6.350562198,49.5003937007874
"LCD (LED)",6.361466346,39.49015748031496
"LCD (LED)",6.362873506,54.64488188976378
"LCD (LED)",6.363284452,31.511417322834646
"LCD (LED)",6.365515906,39.50472440944882
"LCD (LED)",6.366036696,49.463779527559055
"LCD (LED)",6.36768919,69.50275590551182
"LCD (LED)",6.367801413,69.50275590551182
"LCD (LED)",6.369742835,49.49803149606299
"LCD (LED)",6.370326753,42.5
"LCD (LED)",6.371087818,74.51732283464567
"LCD (LED)",6.371851645,49.5003937007874
"LCD (LED)",6.372008086,49.50236220472441
"LCD (LED)",6.373515247,69.5244094488189
"LCD (LED)",6.374071835,74.54330708661418
"LCD (LED)",6.374499841,42.53425196850394
"LCD (LED)",6.375326888,60.10354330708662
"LCD (LED)",6.381755466,54.63897637795275
"LCD (LED)",6.382195704,74.52992125984252
"LCD (LED)",6.395167776,54.61062992125985
"LCD (LED)",6.402228211,42.514566929133856
"LCD (LED)",6.409737528,39.65433070866141
"LCD (LED)",6.411822117,64.5259842519685
"LCD (LED)",6.421860459,54.33661417322834
"LCD (LED)",6.423593808,74.53582677165355
"LCD (LED)",6.438261251,64.5259842519685
"LCD (LED)",6.449270084,54.61062992125985
"LCD (LED)",6.451213524,74.51771653543307
"LCD (LED)",6.451493546,64.52637795275591
"LCD (LED)",6.45268453,54.64488188976378
"LCD (LED)",6.453747699,54.63897637795275
"LCD (LED)",6.455960914,31.517322834645668
"LCD (LED)",6.45715672,31.512992125984255
"LCD (LED)",6.459455558,42.75314960629921
"LCD (LED)",6.459917408,39.50275590551181
"LCD (LED)",6.474027948,49.463779527559055
"LCD (LED)",6.483384095,57.50708661417323
"LCD (LED)",6.488264199,50.10196850393701
"LCD (LED)",6.495942027,49.463779527559055
"LCD (LED)",6.496937031,23.53307086614173
"LCD (LED)",6.501097833,85.6011811023622
"LCD (LED)",6.505049672,64.5259842519685
"LCD (LED)",6.512606008,42.5
"LCD (LED)",6.526197996,39.503937007874015
"LCD (LED)",6.526273355,84.54094488188977
"LCD (LED)",6.527703624,39.5007874015748
"LCD (LED)",6.527728251,39.5007874015748
"LCD (LED)",6.528056286,39.5011811023622
"LCD (LED)",6.532617628,85.60039370078741
"LCD (LED)",6.5341228,74.52992125984252
"LCD (LED)",6.540514405,85.60039370078741
"LCD (LED)",6.545559791,64.52637795275591
"LCD (LED)",6.546341355,74.54251968503937
"LCD (LED)",6.550386916,49.51732283464567
"LCD (LED)",6.552094679,31.511811023622048
"LCD (LED)",6.556278726,85.6011811023622
"LCD (LED)",6.56652137,74.53582677165355
"LCD (LED)",6.571011777,23.53307086614173
"LCD (LED)",6.577345688,74.54330708661418
"LCD (LED)",6.578108283,54.61062992125985
"LCD (LED)",6.580323114,55.312598425196846
"LCD (LED)",6.582378628,64.4996062992126
"LCD (LED)",6.584685919,49.463779527559055
"LCD (LED)",6.59028678,49.4988188976378
"LCD (LED)",6.601297491,54.63897637795275
"LCD (LED)",6.62008754,54.63897637795275
"LCD (LED)",6.628438559,39.5007874015748
"LCD (LED)",6.651375912,23.553937007874016
"LCD (LED)",6.667999302,64.50905511811024
"LCD (LED)",6.669523916,64.5259842519685
"LCD (LED)",6.679352863,64.4996062992126
"LCD (LED)",6.680823599,49.4988188976378
"LCD (LED)",6.68451293,60.10354330708662
"LCD (LED)",6.686490665,84.56023622047243
"LCD (LED)",6.699454653,31.512992125984255
"LCD (LED)",6.720059512,84.56023622047243
"LCD (LED)",6.725672011,64.52637795275591
"LCD (LED)",6.726714214,97.48188976377953
"LCD (LED)",6.734792855,85.60748031496064
"LCD (LED)",6.748617206,31.511023622047244
"LCD (LED)",6.749060759,31.511417322834646
"LCD (LED)",6.749927867,64.4996062992126
"LCD (LED)",6.756709864,69.50275590551182
"LCD (LED)",6.766701505,74.52992125984252
"LCD (LED)",6.779416937,84.56023622047243
"LCD (LED)",6.779470139,74.54251968503937
"LCD (LED)",6.811478076,42.5
"LCD (LED)",6.813691828,84.56023622047243
"LCD (LED)",6.814552721,49.463779527559055
"LCD (LED)",6.824154056,57.49566929133858
"LCD (LED)",6.836914293,39.5007874015748
"LCD (LED)",6.850833782,42.56850393700787
"LCD (LED)",6.864232951,74.51692913385827
"LCD (LED)",6.86733251,54.61062992125985
"LCD (LED)",6.892196061,64.51456692913385
"LCD (LED)",6.91003097,74.52992125984252
"LCD (LED)",6.932494275,74.52992125984252
"LCD (LED)",6.944609223,84.56023622047243
"LCD (LED)",6.976828681,64.3732283464567
"LCD (LED)",6.987943746,74.51692913385827
"LCD (LED)",7.002391582,74.54330708661418
"LCD (LED)",7.013446929,54.63897637795275
"LCD (LED)",7.018201751,48.49212598425197
"LCD (LED)",7.018348467,39.5007874015748
"LCD (LED)",7.033409441,39.624015748031496
"LCD (LED)",7.033755236,74.51771653543307
"LCD (LED)",7.035028893,42.50236220472441
"LCD (LED)",7.036820075,74.54330708661418
"LCD (LED)",7.048050502,64.5259842519685
"LCD (LED)",7.050601449,85.60039370078741
"LCD (LED)",7.067250024,42.5015748031496
"LCD (LED)",7.068450275,74.51771653543307
"LCD (LED)",7.087207126,43.02165354330709
"LCD (LED)",7.096438562,54.63897637795275
"LCD (LED)",7.168839664,42.514566929133856
"LCD (LED)",7.19238638,60.10354330708662
"LCD (LED)",7.249808472,85.60039370078741
"LCD (LED)",7.266401601,49.5003937007874
"LCD (LED)",7.293468015,85.46692913385827
"LCD (LED)",7.332923263,54.63897637795275
"LCD (LED)",7.342602419,84.56023622047243
"LCD (LED)",7.363472127,54.69881889763779
"LCD (LED)",7.398392383,49.4988188976378
"LCD (LED)",7.399645391,54.63897637795275
"LCD (LED)",7.57474701,74.54330708661418
"LCD (LED)",7.625034577,54.61062992125985
"LCD (LED)",7.718609094,64.52637795275591
"LCD (LED)",7.843846549,64.52637795275591
"LCD (LED)",7.846982249,54.63897637795275
"LCD (LED)",7.909487173,49.4988188976378
"LCD (LED)",7.972684748,64.52637795275591
"LCD (LED)",8.358511625,64.4996062992126
"LCD (LED)",8.516514145,31.512992125984255
"LCD (LED)",8.635576995,64.52637795275591
"LCD (LED)",8.873914883,74.51771653543307
"OLED",1.026438459,54.64488188976378
"OLED",1.527263222,64.51614173228347
"OLED",1.528150334,64.52637795275591
"OLED",3.009271188,99.50826771653543
"OLED",3.105492039,87.59291338582676
"OLED",3.234332254,76.66850393700787
"OLED",3.489973129,87.59606299212598
"OLED",3.647797801,64.5259842519685
"OLED",3.665664898,76.66850393700787
"OLED",3.766891935,54.65275590551182
"OLED",3.831549418,41.54330708661417
"OLED",3.865573587,76.66850393700787
"OLED",4.000233789,64.66496062992125
"OLED",4.000700738,54.548818897637794
"OLED",4.003721725,47.527165354330705
"OLED",4.01323593,76.66850393700787
"OLED",4.051852607,41.54330708661417
"OLED",4.053423001,54.63897637795275
"OLED",4.085735586,41.54763779527559
"OLED",4.097422879,76.66850393700787
"OLED",4.222284206,82.51377952755905
"OLED",4.226233252,47.5248031496063
"OLED",4.265319908,78.16771653543307
"OLED",4.282143415,47.520866141732284
"OLED",4.292298502,54.64488188976378
"OLED",4.346872383,64.52637795275591
"OLED",4.351098008,54.65275590551182
"OLED",4.35371581,64.50905511811024
"OLED",4.375951875,41.54330708661417
"OLED",4.394282122,54.64488188976378
"OLED",4.39671082,54.65275590551182
"OLED",4.405453872,64.52637795275591
"OLED",4.418326983,54.63897637795275
"OLED",4.440363969,54.64488188976378
"OLED",4.463583814,54.64488188976378
"OLED",4.524594001,54.65275590551182
"OLED",4.527878971,41.54330708661417
"OLED",4.531351613,76.66850393700787
"OLED",4.534774124,64.51889763779526
"OLED",4.546877182,54.63897637795275
"OLED",4.549516492,64.50905511811024
"OLED",4.556387545,76.66850393700787
"OLED",4.559751352,64.5259842519685
"OLED",4.580787588,47.52795275590551
"OLED",4.582585898,54.63897637795275
"OLED",4.610928288,47.520866141732284
"OLED",4.617518265,54.64488188976378
"OLED",4.622304643,64.51889763779526
"OLED",4.630644483,54.63897637795275
"OLED",4.642815154,47.52795275590551
"OLED",4.667029691,54.63897637795275
"OLED",4.673388116,47.520866141732284
"OLED",4.689905817,47.52795275590551
"OLED",4.705078263,54.65275590551182
"OLED",4.705189048,41.54330708661417
"OLED",4.707933726,82.51338582677165
"OLED",4.707957376,82.51377952755905
"OLED",4.716007447,54.63897637795275
"OLED",4.728380984,76.65826771653543
"OLED",4.742064059,54.65275590551182
"OLED",4.747792605,64.51889763779526
"OLED",4.753473125,47.52795275590551
"OLED",4.764684971,82.51377952755905
"OLED",4.772518722,64.50905511811024
"OLED",4.80925188,64.50905511811024
"OLED",4.816361111,82.51377952755905
"OLED",4.817955103,47.52795275590551
"OLED",4.827312598,76.65826771653543
"OLED",4.839782995,54.64488188976378
"OLED",4.842211693,54.65275590551182
"OLED",4.851142785,47.5248031496063
"OLED",4.853523457,54.63897637795275
"OLED",4.86154051,76.66850393700787
"OLED",4.866932859,47.52795275590551
"OLED",4.880351669,54.65275590551182
"OLED",4.883152216,82.53385826771654
"OLED",4.904594324,54.63897637795275
"OLED",4.949746933,76.66850393700787
"OLED",5.0074528,54.64488188976378
"OLED",5.02799678,64.52637795275591
"OLED",5.03768634,64.52637795275591
"OLED",5.048116405,54.63897637795275
"OLED",5.055649923,64.50905511811024
"OLED",5.066881363,64.52637795275591
"OLED",5.066927359,64.5259842519685
"OLED",5.077950594,82.51377952755905
"OLED",5.084972297,64.50905511811024
"OLED",5.106106297,64.52637795275591
"OLED",5.125005507,76.66377952755906
"OLED",5.136900844,64.51889763779526
"OLED",5.146826474,64.51889763779526
"OLED",5.147109396,49.5003937007874
"OLED",5.152245541,76.65826771653543
"OLED",5.175587071,64.52637795275591
"OLED",5.175633067,64.5259842519685
"OLED",5.194159583,64.50905511811024
"OLED",5.215779449,64.52637795275591
"OLED",5.233679263,82.51377952755905
"OLED",5.23769114,54.63897637795275
"OLED",5.288144223,64.51889763779526
"OLED",5.29936577,96.51377952755905
"OLED",5.307388037,54.63897637795275
"OLED",5.329782019,82.51377952755905
"OLED",5.349732479,54.63897637795275
"OLED",5.3584087,76.66850393700787
"OLED",5.374959813,41.54763779527559
"OLED",5.385641763,96.51377952755905
"OLED",5.443521851,64.52637795275591
"OLED",5.450120487,54.63897637795275
"OLED",5.472198054,64.51062992125983
"OLED",5.495605745,76.66850393700787
"OLED",5.52163594,82.51377952755905
"OLED",5.548261985,96.51377952755905
"OLED",5.550115437,76.66850393700787
"OLED",5.561885565,64.52637795275591
"OLED",5.569202635,82.51377952755905
"OLED",5.605296329,76.66850393700787
"OLED",5.605335701,76.66811023622047
"OLED",5.629745197,76.66377952755906
"OLED",5.637136038,76.66850393700787
"OLED",5.654541511,47.52795275590551
"OLED",5.661537841,55.092913385826776
"OLED",5.669203581,76.66850393700787
"OLED",5.683460521,64.52637795275591
"OLED",5.683506517,64.5259842519685
"OLED",5.701502245,76.66850393700787
"OLED",5.727296761,47.505511811023624
"OLED",5.762579703,64.52637795275591
"OLED",5.778283941,76.83976377952756
"OLED",5.804199983,76.64448818897637
"OLED",5.808425833,64.52637795275591
"OLED",5.808471829,64.5259842519685
"OLED",5.819961026,64.52637795275591
"OLED",5.849211108,96.51377952755905
"OLED",5.871317766,54.61062992125985
"OLED",5.902698483,64.51889763779526
"OLED",5.936976032,64.52637795275591
"OLED",5.942899842,76.66850393700787
"OLED",5.942939214,76.66811023622047
"OLED",5.958735139,47.5248031496063
"OLED",5.977526543,54.664173228346456
"OLED",6.029915935,96.51377952755905
"OLED",6.03797693,76.66850393700787
"OLED",6.045013281,64.5259842519685
"OLED",6.15973099,64.55314960629921
"OLED",6.198044664,76.66850393700787
"OLED",6.254009016,54.61062992125985
"OLED",6.25848663,54.63897637795275
"OLED",6.326545168,82.51377952755905
"OLED",6.507230707,76.66850393700787
"OLED",6.683460521,64.52637795275591
"OLED",6.786685432,64.55314960629921
"OLED",7.009675422,76.66850393700787
"OLED",7.295724706,76.43267716535433
